20220314_000054410695.png|GLUCOFAST 500 500mg|SAVI ACARBOSE 100 100mg
20220314_000054423029.png|PAMLONOR 5mg
20220314_000054451918.png|DIXIREIN 375mg|DROXICEF 0,5g
20220105_000126405955.png|MEGLUCON 1000 1000mg|PARTAMOL TAB. 500mg
20220318_000135223478.png|PARTAMOL TAB. 500mg|HAPENXIN CAPSULES 0,5g
20220128_000140695736.png|DROMASM FORT 80mg|FABAMOX 500 500mg
20220128_000140700858.png|FABAMOX 500 500mg|PARTAMOL TAB. 500mg
20220105_000247163981.png|DIXIREIN 375mg|PARTAMOL TAB. 500mg|FABAMOX 500 500mg
20220105_000247178181.png|ENALAPRIL 5mg|MEGLUCON 1000 1000mg
20220105_000247207856.png|PAMLONOR 5mg|MEGLUCON 1000 1000mg|PYME DIAPRO MR 30mg
20220105_000247220897.png|ENALAPRIL 5mg|MEGLUCON 1000 1000mg|PYME DIAPRO MR 30mg
20220105_000247227666.png|PAMLONOR 5mg|MEGLUCON 1000 1000mg|PYME DIAPRO MR 30mg
20220105_000247229265.png|MEGLUCON 1000 1000mg|PYME DIAPRO MR 30mg|KAVASDIN 5 5mg
20220314_000253196373.png|MEZAFEN 60mg|HAPENXIN CAPSULES 0,5g
20220314_000253198431.png|CLORPHENIRAMIN 4mg|AMOXICILIN 500MG 500mg
20220128_000452879946.png|SERGUROP 10mg|HAPENXIN CAPSULES 0,5g|CHORLATCYN 125mg+50mg+50mg+25mg|BROMHEXIN ACTAVIS 8mg
20220128_000452907912.png|CLORPHENIRAMIN 4mg|CEFADROXIL 500MG 0,5g
20220314_000519130834.png|KATRYPSIN 4,2mg|PARTAMOL TAB. 500mg
20220128_000726778590.png|DROMASM FORT 80mg|FABAMOX 500 500mg|METRONIDAZOL 250 250mg
20220128_000859625979.png|THANH NHIỆT TIÊU ĐỘC LIVERGOOD
20220128_000859629083.png|CARUDXAN 2mg|METRONIDAZOL 250 250mg
20220128_001149836979.png|DIXIREIN 375mg|MENISON 4MG 4mg|CEFADROXIL 500MG 0,5g
20220128_001149857503.png|MEZAFEN 60mg|SETBLOOD 115mg+100mg+50mcg
20220128_001149859273.png|KATRYPSIN 4,2mg|CEFADROXIL 500MG 0,5g|PARTAMOL TAB. 500mg
20220128_001149864500.png|DIXIREIN 375mg|PARTAMOL TAB. 500mg|DROXICEF 0,5g
20220128_001149865849.png|MENISON 4MG 4mg|DROXICEF 0,5g|DIXIREIN 375mg|PARTAMOL TAB. 500mg
20220128_001149873513.png|DIXIREIN 375mg|CEFADROXIL 500MG 0,5g|VIPREDNI 16MG 16mg|SAVI LOSARTAN 50 50mg
20220128_001149881723.png|CLORPHENIRAMIN 4mg|CEFADROXIL 500MG 0,5g|PARTAMOL TAB. 500mg
20220128_001149894079.png|BLOZA 50mg
20220527_001331647960.png|DIXIREIN 375mg|PANACTOL 500mg|CEFADROXIL 500MG 0,5g
20220527_001331660870.png|PANACTOL 500mg|HAPENXIN CAPSULES 0,5g
20220527_001331820170.png|KATRYPSIN 4,2mg|PANACTOL 500mg|CEFADROXIL 500MG 0,5g
20220527_001549829435.png|KATRYPSIN 4,2mg|PARTAMOL TAB. 500mg|CEFADROXIL 500MG 0,5g
20220527_001549872727.png|PANACTOL 500mg|HAPENXIN CAPSULES 0,5g
20220527_001740919786.png|KATRYPSIN 4,2mg|PARTAMOL TAB. 500mg
20220527_001740940061.png|KATRYPSIN 4,2mg|PARTAMOL TAB. 500mg
20220527_001740949706.png|CLORPHENIRAMIN 4mg|DROXICEF 0,5g|PARTAMOL TAB. 500mg
20220527_001740983302.png|KATRYPSIN 4,2mg|DROXICEF 0,5g|PARTAMOL TAB. 500mg
20220113_002129848787.png|CEFADROXIL 0,5g|MYPARA 500 500mg
20220113_002129849615.png|GLUCOFAST 850 850mg|SAVI ACARBOSE 100 100mg
20220113_002129874352.png|EBITAC 12.5 10mg + 12,5mg|SAVI ACARBOSE 100 100mg
20220316_002250095360.png|LAZIBET MR 60 60mg|GLUCOFAST 850 850mg
20220114_002538051519.png|METFORMIN 500 500mg
20220527_003756290573.png|MENISON 4MG 4mg|DROXICEF 0,5g
20220527_003756347130.png|SAVI LOSARTAN 50 50mg
20220315_055915991975.png|PAMLONOR 5mg
20220315_055916001728.png|PARTAMOL TAB. 500mg|FABAMOX 500 500mg|BỔ HUYẾT ÍCH NÃO BDF 40mg+300mg
20220416_062214594082.png|DIXIREIN 375mg|PANACTOL 500mg|CEFADROXIL 500MG 0,5g
20220416_062214753843.png|PANACTOL 500mg|AMOXICILIN 500MG 500mg|METRONIDAZOL 250 250mg
20220111_062356354644.png|HAPENXIN CAPSULES 0,5g|MEGLUCON 1000 1000mg|PYME DIAPRO MR 30mg|ENALAPRIL 5mg
20220111_062356363546.png|PANACTOL 500mg|METRONIDAZOL 250 250mg|AMOXICILIN 500MG 500mg
20220111_062632328452.png|ENALAPRIL 5mg|MEGLUCON 1000 1000mg|PYME DIAPRO MR 30mg
20220111_062632335008.png|INBACID 10 10mg|ENALAPRIL 5mg
20220111_062632350846.png|MEGLUCON 1000 1000mg|ENALAPRIL 5mg|PYME DIAPRO MR 30mg
20220111_063005910604.png|PAMLONOR 5mg|SAVI PROLOL 5 5mg|MELOXICAM 7,5mg
20220111_063005917223.png|INBACID 10 10mg|ASPIRIN 81MG 81mg|ENALAPRIL 5mg|SAVI PROLOL 5 5mg
20220111_063005930231.png|PARTAMOL TAB. 500mg|METRONIDAZOL 250 250mg|HAPENXIN CAPSULES 0,5g
20220111_063005935251.png|ASPIRIN 81MG 81mg|INBACID 10 10mg|SAVIPROLOL 2,5 2,5mg|HANGITOR PLUS 40mg+12,5mg
20220111_063226557548.png|SAVIPROLOL 2,5 2,5mg
20220111_063226572581.png|HANGITOR PLUS 40mg+12,5mg
20220111_063435754649.png|SAVIPROLOL 2,5 2,5mg|PAMLONOR 5mg
20220111_063634223099.png|PARTAMOL TAB. 500mg|HAPENXIN CAPSULES 0,5g|MELOXICAM 7,5mg
20220111_063634257395.png|DROMASM FORT 80mg|FABAMOX 500 500mg
20220111_063854589011.png|PARTAMOL TAB. 500mg|HAPENXIN CAPSULES 0,5g
20220111_063854589667.png|METRONIDAZOL 250 250mg|KAGASDINE 20mg|FABAMOX 500 500mg
20220111_063854611563.png|METRONIDAZOL 250 250mg|PARTAMOL TAB. 500mg|HAPENXIN CAPSULES 0,5g
20220312_064207593508.png|MEZAFEN 60mg|HAPENXIN CAPSULES 0,5g
20220312_064207624006.png|MEZAFEN 60mg
20220312_064207743892.png|INBACID 10 10mg|ENALAPRIL 5mg|SAVI PROLOL 5 5mg
20220312_064207765977.png|ENALAPRIL 5mg|SAVI PROLOL 5 5mg|INBACID 10 10mg
20220311_064247844373.png|PARTAMOL TAB. 500mg|FABAMOX 500 500mg
20220311_064247847653.png|SERGUROP 10mg|METHYLPREDNISOLON 4 4mg|MEZAFEN 60mg|FABAMOX 500 500mg|BỔ HUYẾT ÍCH NÃO BDF 40mg+300mg
20220312_064315457869.png|KAGASDINE 20mg|METRONIDAZOL 250 250mg|FABAMOX 500 500mg
20220312_064315472664.png|ENALAPRIL 5mg
20220111_064454167010.png|SAVI PROLOL 5 5mg|HANGITOR PLUS 40mg+12,5mg
20220311_064514746794.png|METHYLPREDNISOLON 4 4mg|HAPENXIN CAPSULES 0,5g
20220111_064617204187.png|INBACID 10 10mg|ASPIRIN 81MG 81mg|ENALAPRIL 5mg|SAVIPROLOL 2,5 2,5mg
20220111_064617208384.png|PARTAMOL TAB. 500mg|CEFADROXIL 500MG 0,5g|CLORPHENIRAMIN 4mg
20220111_064617213484.png|METHYLPREDNISOLON 4 4mg|PAMLONOR 5mg|HAPENXIN CAPSULES 0,5g|DIXIREIN 375mg
20220119_064626206165.png|DIXIREIN 375mg|HAPENXIN CAPSULES 0,5g
20220312_064716457414.png|PARTAMOL TAB. 500mg|HAPENXIN CAPSULES 0,5g
20220111_064805879715.png|ENALAPRIL 5mg|KAGASDINE 20mg
20220111_064805912503.png|BỔ HUYẾT ÍCH NÃO BDF 40mg+300mg
20220111_064805919636.png|KAGASDINE 20mg|BỔ HUYẾT ÍCH NÃO BDF 40mg+300mg
20220113_064837765732.png|ENALAPRIL 5mg|MEGLUCON 1000 1000mg
20220119_064844752273.png|DROMASM FORT 80mg|AMOXICILIN 500MG 500mg
20220311_064849729323.png|PARTAMOL TAB. 500mg|FABAMOX 500 500mg
20220311_064849742085.png|ENALAPRIL 5mg
20220111_064929143361.png|ENALAPRIL 5mg|INBACID 10 10mg|SAVI PROLOL 5 5mg
20220111_064929147205.png|MEZAFEN 60mg|HAPENXIN CAPSULES 0,5g
20220111_064929154494.png|CLORPHENIRAMIN 4mg
20220111_064929155260.png|MEZAFEN 60mg|SAVI 3B 100mg+100mg+0,15mg
20220111_064929161466.png|FABAMOX 500 500mg
20220111_064929180720.png|ENALAPRIL 5mg|SAVI PROLOL 5 5mg|INBACID 10 10mg
20220113_064929741757.png|MEGLUCON 1000 1000mg|PYME DIAPRO MR 30mg
20220113_064929753369.png|ENALAPRIL 5mg|MEGLUCON 1000 1000mg|PAMLONOR 5mg
20220311_065023654379.png|ENALAPRIL 5mg|SAVI PROLOL 5 5mg
20220119_065038492147.png|METRONIDAZOL 250 250mg|PARTAMOL TAB. 500mg|BỔ HUYẾT ÍCH NÃO BDF 40mg+300mg|FABAMOX 500 500mg
20220119_065038511250.png|MEZAFEN 60mg|CHORLATCYN 125mg+50mg+50mg+25mg
20220111_065101701087.png|METHYLPREDNISOLON 4 4mg|PARTAMOL TAB. 500mg|METRONIDAZOL 250 250mg|FABAMOX 500 500mg
20220113_065126870388.png|KAGASDINE 20mg|FABAMOX 500 500mg
20220119_065128558827.png|KAGASDINE 20mg
20220119_065128583239.png|METRONIDAZOL 250 250mg|PARTAMOL TAB. 500mg|BỔ HUYẾT ÍCH NÃO BDF 40mg+300mg|FABAMOX 500 500mg
20220119_065128600380.png|HANGITOR PLUS 40mg+12,5mg
20220119_065128605983.png|BỔ HUYẾT ÍCH NÃO BDF 40mg+300mg|HANGITOR PLUS 40mg+12,5mg
20220119_065128625248.png|HANGITOR PLUS 40mg+12,5mg|BỔ HUYẾT ÍCH NÃO BDF 40mg+300mg
20220310_065135178007.png|PARTAMOL TAB. 500mg|METRONIDAZOL 250 250mg|HAPENXIN CAPSULES 0,5g
20220527_065152147659.png|KAGASDINE 20mg|CLORPHENIRAMIN 4mg|FABAMOX 500 500mg
20220527_065152155934.png|FABAMOX 500 500mg|RENAPRIL 5MG 5mg
20220312_065221455702.png|METRONIDAZOL 250 250mg|PARTAMOL TAB. 500mg|BỔ HUYẾT ÍCH NÃO BDF 40mg+300mg|FABAMOX 500 500mg
20220312_065221498311.png|PARTAMOL TAB. 500mg|CLORPHENIRAMIN 4mg|FABAMOX 500 500mg
20220312_065221569239.png|PARTAMOL TAB. 500mg|CLORPHENIRAMIN 4mg|HAPENXIN CAPSULES 0,5g
20220312_065221575002.png|PARTAMOL TAB. 500mg|FABAMOX 500 500mg
20220312_065221605674.png|METRONIDAZOL 250 250mg|KAGASDINE 20mg|FABAMOX 500 500mg
20220527_065301225227.png|RENAPRIL 5MG 5mg
20220527_065301234841.png|RENAPRIL 5MG 5mg
20220119_065322647992.png|ENALAPRIL 5mg|SAVI PROLOL 5 5mg
20220119_065322701820.png|ENALAPRIL 5mg|INBACID 10 10mg|SAVI PROLOL 5 5mg|PAMLONOR 5mg
20220119_065322702546.png|ENALAPRIL 5mg|INBACID 10 10mg|SAVIPROLOL 2,5 2,5mg|PAMLONOR 5mg|ASPIRIN 81MG 81mg
20220119_065322705940.png|PAMLONOR 5mg|ENALAPRIL 5mg
20220119_065322710026.png|PAMLONOR 5mg|INBACID 10 10mg|ENALAPRIL 5mg|SAVIPROLOL 2,5 2,5mg
20220111_065347981536.png|SAVI 3B 100mg+100mg+0,15mg|MELOXICAM 7,5mg
20220310_065356938630.png|MEZAFEN 60mg|FABAMOX 500 500mg|BỔ HUYẾT ÍCH NÃO BDF 40mg+300mg
20220527_065404265243.png|RENAPRIL 5MG 5mg
20220527_065404277464.png|RENAPRIL 5MG 5mg
20220527_065404302060.png|RENAPRIL 5MG 5mg
20220312_065434915104.png|DIXIREIN 375mg|HAPENXIN CAPSULES 0,5g|PARTAMOL TAB. 500mg
20220311_065454892157.png|HAPENXIN CAPSULES 0,5g
20220527_065505584173.png|MEZAFEN 60mg|HAPENXIN CAPSULES 0,5g
20220111_065519499432.png|MEGLUCON 1000 1000mg|ENALAPRIL 5mg|PYME DIAPRO MR 30mg|SAVI PROLOL 5 5mg
20220119_065530352532.png|INBACID 10 10mg|ENALAPRIL 5mg|SAVIPROLOL 2,5 2,5mg|KAVASDIN 5 5mg|ASPIRIN 81MG 81mg
20220119_065530361550.png|SAVI PROLOL 5 5mg|INBACID 10 10mg|HANGITOR PLUS 40mg+12,5mg
20220119_065530366100.png|INBACID 10 10mg|ENALAPRIL 5mg|FABAMOX 500 500mg
20220119_065530369024.png|PARTAMOL TAB. 500mg|CLORPHENIRAMIN 4mg|HAPENXIN CAPSULES 0,5g
20220119_065530376964.png|INBACID 10 10mg|ASPIRIN 81MG 81mg|ENALAPRIL 5mg|SAVI PROLOL 5 5mg
20220119_065530379228.png|HANGITOR PLUS 40mg+12,5mg
20220119_065530384286.png|PARTAMOL TAB. 500mg|HAPENXIN CAPSULES 0,5g
20220112_065535600860.png|PARTAMOL TAB. 500mg|CLORPHENIRAMIN 4mg|HAPENXIN CAPSULES 0,5g
20220112_065535641813.png|METRONIDAZOL 250 250mg|PARTAMOL TAB. 500mg|BỔ HUYẾT ÍCH NÃO BDF 40mg+300mg|FABAMOX 500 500mg
20220112_065535644069.png|ENALAPRIL 5mg|INBACID 10 10mg|PAMLONOR 5mg
20220527_065608512583.png|PANACTOL 500mg|HAPENXIN CAPSULES 0,5g
20220310_065610524063.png|METRONIDAZOL 250 250mg|PARTAMOL TAB. 500mg|FABAMOX 500 500mg
20220310_065610548210.png|METRONIDAZOL 250 250mg|PARTAMOL TAB. 500mg|FABAMOX 500 500mg
20220310_065610570275.png|METRONIDAZOL 250 250mg|PARTAMOL TAB. 500mg|FABAMOX 500 500mg
20220111_065646380873.png|BỔ GAN P/H 125mg+100mg+25mg|PYME DIAPRO MR 30mg
20220111_065646408224.png|Metronidazol (Metronidazol 250) 250 mg|Paracetamol (Partamol Tab.) 500mg|Amoxicilin (Fabamox 500) 500mg|Đinh lăng, bạch quả (Hoạt huyết dưỡng não) 150mg+20mg
20220528_065706762108.png|METHYLPREDNISOLON 4 4mg|FABAMOX 500 500mg
20220527_065708113495.png|MENISON 4MG 4mg|FABAMOX 500 500mg
20220112_065741826234.png|DIXIREIN 375mg|HANGITOR PLUS 40mg+12,5mg|HAPENXIN CAPSULES 0,5g
20220112_065741843418.png|PARTAMOL TAB. 500mg|METRONIDAZOL 250 250mg|FABAMOX 500 500mg
20220527_065807482307.png|PARTAMOL TAB. 500mg|FABAMOX 500 500mg|METRONIDAZOL 250 250mg
20220527_065807493475.png|PARTAMOL TAB. 500mg|FABAMOX 500 500mg
20220527_065807495313.png|PARTAMOL TAB. 500mg|FABAMOX 500 500mg
20220111_065832285765.png|PAMLONOR 5mg|SAVI PROLOL 5 5mg|FABAMOX 500 500mg
20220111_065832286184.png|SAVIPROLOL 2,5 2,5mg|PAMLONOR 5mg
20220111_065832288390.png|FABAMOX 500 500mg|PAMLONOR 5mg|SAVI PROLOL 5 5mg
20220111_065832304465.png|INBACID 10 10mg|ASPIRIN 81MG 81mg|ENALAPRIL 5mg|SAVI PROLOL 5 5mg
20220111_065832311537.png|ENALAPRIL 5mg|SAVI PROLOL 5 5mg
20220111_065832338623.png|INBACID 10 10mg|HANGITOR PLUS 40mg+12,5mg
20220113_065832556633.png|ENALAPRIL 5mg|INBACID 10 10mg|SAVI PROLOL 5 5mg
20220113_065832589245.png|HANGITOR PLUS 40mg+12,5mg
20220113_065832589759.png|ENALAPRIL 5mg|PAMLONOR 5mg
20220113_065832609632.png|HANGITOR PLUS 40mg+12,5mg
20220113_065832610306.png|METRONIDAZOL 250 250mg|PARTAMOL TAB. 500mg|BỔ HUYẾT ÍCH NÃO BDF 40mg+300mg|FABAMOX 500 500mg
20220111_070041393346.png|METHYLPREDNISOLON 4 4mg|INBACID 10 10mg|PAMLONOR 5mg|HAPENXIN CAPSULES 0,5g
20220111_070041402109.png|EBITAC 12.5 10mg + 12,5mg|BỔ HUYẾT ÍCH NÃO BDF 40mg+300mg
20220111_070041443369.png|ENALAPRIL 5mg|SAVIPROLOL 2,5 2,5mg|INBACID 10 10mg
20220111_070041446696.png|MEZAFEN 60mg|FABAMOX 500 500mg
20220111_070041453556.png|KAGASDINE 20mg|MEZAFEN 60mg
20220111_070041457948.png|METRONIDAZOL 250 250mg|CARUDXAN 2mg
20220111_070214759903.png|METRONIDAZOL 250 250mg|PARTAMOL TAB. 500mg|BỔ HUYẾT ÍCH NÃO BDF 40mg+300mg|FABAMOX 500 500mg
20220119_070257119607.png|MEGLUCON 1000 1000mg|PAMLONOR 5mg|PYME DIAPRO MR 30mg
20220119_070257169412.png|PAMLONOR 5mg|MEGLUCON 1000 1000mg|PYME DIAPRO MR 30mg
20220528_070859800627.png|CHORLATCYN 125mg+50mg+50mg+25mg|SAVI ACARBOSE 100 100mg
20220528_071017922747.png|PARTAMOL TAB. 500mg|FABAMOX 500 500mg
20220528_071017924018.png|PARTAMOL TAB. 500mg|FABAMOX 500 500mg
20220311_071058820314.png|METRONIDAZOL 250 250mg|KAGASDINE 20mg|AMOXICILIN 500MG 500mg
20220311_071252260783.png|PAMLONOR 5mg|ENALAPRIL 5mg
20220305_071452463420.png|PARTAMOL TAB. 500mg
20220305_071551170778.png|PARTAMOL TAB. 500mg|FABAMOX 500 500mg|METRONIDAZOL 250 250mg|BỔ HUYẾT ÍCH NÃO BDF 40mg+300mg
20220526_071607672726.png|FABAMOX 500 500mg
20220305_071857943102.png|PARTAMOL TAB. 500mg|METHYLPREDNISOLON 4 4mg|FABAMOX 500 500mg
20220305_071949529558.png|ENALAPRIL 5mg|SAVI PROLOL 5 5mg|INBACID 10 10mg
20220305_071949533686.png|MEZAFEN 60mg|HAPENXIN CAPSULES 0,5g
20220305_072041220465.png|ENALAPRIL 5mg|INBACID 10 10mg|SAVI PROLOL 5 5mg
20220305_072156151000.png|SAVI 3B 100mg+100mg+0,15mg|PARTAMOL TAB. 500mg|HAPENXIN CAPSULES 0,5g
20220309_072942955272.png|PANACTOL 500mg|FABAMOX 500 500mg
20210513_073110695882.png|ENALAPRIL 5mg|LAZIBET MR 60 60mg|SAVI ACARBOSE 100 100mg
20210513_073110741377.png|GLUCOFAST 500 500mg
20220526_073244536138.png|HANGITOR PLUS 40mg+12,5mg
20220526_073244541817.png|PARTAMOL TAB. 500mg|RENAPRIL 5MG 5mg
20220309_073433651781.png|CHORLATCYN 125mg+50mg+50mg+25mg|DROMASM FORT 80mg|METRONIDAZOL 250 250mg
20220309_073433657247.png|MEGLUCON 1000 1000mg|CHORLATCYN 125mg+50mg+50mg+25mg|GOLDDICRON 30mg
20220526_073524644485.png|MEZAFEN 60mg|HANGITOR PLUS 40mg+12,5mg
20220526_073524650775.png|RENAPRIL 5MG 5mg
20220309_073547425616.png|PARTAMOL TAB. 500mg|HAPENXIN CAPSULES 0,5g
20220305_073819315840.png|Đinh lăng, bạch quả (Hoạt huyết dưỡng não) 150mg+20mg|Atorvastatin (Atoris 20mg) 20mg|Enalapril+hydrochlorothiazide (Ebitac 12.5) 10mg + 12,5mg
20220305_073819322401.png|Omeprazol (Kagasdine) 20mg|Đinh lăng, bạch quả (Hoạt huyết dưỡng não) 150mg+20mg|Methyl prednisolon (Methylprednisolon 4) 4mg
20220127_074132619313.png|METFORMIN 500 500mg
20220127_074132641876.png|MEGLUCON 1000 1000mg
20220305_074153677421.png|Telmisartan+hydroclorothiazid (Hangitor plus) 40mg+12,5mg
20220309_074252904456.png|MEZAFEN 60mg|HAPENXIN CAPSULES 0,5g
20220309_074252987486.png|MEZAFEN 60mg|HAPENXIN CAPSULES 0,5g
20220309_074420054474.png|PANACTOL 500mg|FABAMOX 500 500mg
20220309_074420100246.png|BỔ GAN P/H 125mg+100mg+25mg|MELOXICAM 7,5mg
20220309_074420155096.png|PANACTOL 500mg|HAPENXIN CAPSULES 0,5g
20220526_074426767213.png|PARTAMOL TAB. 500mg|BỔ HUYẾT ÍCH NÃO BDF 40mg+300mg
20220309_074523957271.png|PARTAMOL TAB. 500mg|FABAMOX 500 500mg|METRONIDAZOL 250 250mg|BỔ HUYẾT ÍCH NÃO BDF 40mg+300mg
20220309_074524016343.png|DIXIREIN 375mg
20220309_074631063195.png|METHYLPREDNISOLON 4 4mg|PAMLONOR 5mg|HAPENXIN CAPSULES 0,5g|DIXIREIN 375mg
20220309_074743381158.png|ENALAPRIL 5mg|PAMLONOR 5mg|MELOXICAM 7,5mg
20211228_074815021849.png|Metformin (Meglucon 1000) 1000 mg|Telmisartan+hydroclorothiazid (Hangitor plus) 40mg+12,5mg
20220309_074849281848.png|PAMLONOR 5mg
20220526_074907140430.png|RENAPRIL 5MG 5mg
20211228_075001888765.png|Đinh lăng, bạch quả (Hoạt huyết dưỡng não) 150mg+20mg|Amoxicilin (Fabamox 500) 500mg|Metronidazol (Metronidazol 250) 250 mg|Paracetamol (Partamol Tab.) 500mg
20211228_075001902261.png|Amoxicilin (Fabamox 500) 500mg|Paracetamol (Partamol Tab.) 500mg
20211223_075728155609.png|Đinh lăng, bạch quả (Hoạt huyết dưỡng não) 150mg+20mg|Paracetamol (Partamol Tab.) 500mg|Cefalexin (Firstlexin 500) 0,5g
20211222_075839380646.png|Đinh lăng, bạch quả (Hoạt huyết dưỡng não) 150mg+20mg|Metformin (Metformin 500) 500mg
20211223_080021542054.png|Atorvastatin (Atoris 20mg) 20mg|Đinh lăng, bạch quả (Hoạt huyết dưỡng não) 150mg+20mg
20211222_080045752279.png|Đinh lăng, bạch quả (Hoạt huyết dưỡng não) 150mg+20mg|Metronidazol (Metronidazol 250) 250 mg|Amoxicilin (Fabamox 500) 500mg|Paracetamol (Partamol Tab.) 500mg
20211222_080045768693.png|Đinh lăng, bạch quả (Hoạt huyết dưỡng não) 150mg+20mg|Telmisartan+hydroclorothiazid (Hangitor plus) 40mg+12,5mg|Carbocistein (Anpemux) 250mg|Cefalexin (Firstlexin 500) 0,5g|Methyl prednisolon (Methylprednisolon 4) 4mg
20211223_080149826836.png|Đinh lăng, bạch quả (Hoạt huyết dưỡng não) 150mg+20mg
20211223_080149828291.png|Atorvastatin (Atoris 20mg) 20mg
20211222_080250522086.png|Cefalexin (Firstlexin 500) 0,5g|Paracetamol (Partamol Tab.) 500mg
20211222_080250527324.png|Cefalexin (Firstlexin 500) 0,5g|Paracetamol (Partamol Tab.) 500mg
20211222_080250528722.png|Cefalexin (Firstlexin 500) 0,5g|Paracetamol (Partamol Tab.) 500mg
20220407_080758934000.png|PRAZOPRO 40mg|FABAMOX 500 500mg
20220405_081013997110.png|STATRIPSINE 4,2mg|PARTAMOL TAB. 500mg
20220407_081153706989.png|METRONIDAZOL 250 250mg|FABAMOX 500MG 500mg|PARTAMOL TAB. 500mg
20220407_081153717991.png|CEFADROXIL 0,5g|MYPARA 500 500mg
20220407_081153761237.png|CEFADROXIL 0,5g|MYPARA 500 500mg
20220405_081503130633.png|CLORPHENIRAMIN 4mg|DROXICEF 0,5g|PARTAMOL TAB. 500mg
20220106_081511639576.png|MEGLUCON 1000 1000mg|CHORLATCYN 125mg+50mg+50mg+25mg|GOLDDICRON 30mg
20220106_081511657862.png|MEGLUCON 1000 1000mg|PYME DIAPRO MR 30mg
20220106_081511703290.png|HAPENXIN CAPSULES 0,5g|KAVASDIN 5 5mg
20220106_081511704439.png|FABAMOX 500 500mg|KAVASDIN 5 5mg|PARTAMOL TAB. 500mg
20220106_081511706524.png|HANGITOR PLUS 40mg+12,5mg
20220106_081637034700.png|MEGLUCON 1000 1000mg|PYME DIAPRO MR 30mg
20220106_081637078362.png|PARTAMOL TAB. 500mg|HAPENXIN CAPSULES 0,5g
20220106_081637094804.png|HAPENXIN CAPSULES 0,5g|KAVASDIN 5 5mg
20220106_081637100084.png|HANGITOR PLUS 40mg+12,5mg
20220406_081901631294.png|KATRYPSIN 4,2mg|PARTAMOL TAB. 500mg|CEFADROXIL 500MG 0,5g
20220406_081901632823.png|KATRYPSIN 4,2mg|PARTAMOL TAB. 500mg
20220406_082345348866.png|KATRYPSIN 4,2mg|CEFADROXIL 500MG 0,5g|PARTAMOL TAB. 500mg
20220404_083748998008.png|CLORPHENIRAMIN 4mg|BỔ GAN P/H 125mg+100mg+25mg
20220404_083749257582.png|PANACTOL 500mg|HAPENXIN CAPSULES 0,5g|CLORPHENIRAMIN 4mg
20220120_083856089047.png|CEFADROXIL 0,5g|MYPARA 500 500mg
20220120_084521999646.png|PARTAMOL TAB. 500mg|CHORLATCYN 125mg+50mg+50mg+25mg|CEFADROXIL 500MG 0,5g|CLORPHENIRAMIN 4mg
20220120_084522023686.png|GLUCOFAST 500 500mg|SAVI ACARBOSE 100 100mg
20220120_084522057593.png|METFORMIN 500 500mg
20220120_084522064183.png|TYDOL PM 500mg + 25mg|CEPHALEXIN PMP 500 0,5g
20220120_084522068041.png|PARTAMOL TAB. 500mg|CEFADROXIL 500MG 0,5g
20220127_084604282721.png|THANH NHIỆT TIÊU ĐỘC LIVERGOOD
20220127_084604339812.png|SERGUROP 10mg|LIVONIC 2500mg+400mg+500mg+85mg
20220127_084604370499.png|ENALAPRIL 5mg|GLUCOFAST 850 850mg|SAVI ACARBOSE 100 100mg
20220127_084604377279.png|MEGLUCON 1000 1000mg
20220314_084652615565.png|FABAMOX 500 500mg|PARTAMOL TAB. 500mg
20220314_084652627075.png|XITORAN 0,5g|METRONIDAZOL 250mg
20220127_085059056898.png|ENALAPRIL 5mg|GLUCOFAST 850 850mg|SAVI ACARBOSE 100 100mg
20220120_085238567225.png|GLUCOFAST 500 500mg
20220127_085709572740.png|METFORMIN 500 500mg
20220127_085709593194.png|STATRIPSINE 4,2mg|PARTAMOL TAB. 500mg
20220106_085736988500.png|DROMASM FORT 80mg
20220106_085736997238.png|MEGLUCON 1000 1000mg|PYME DIAPRO MR 30mg
20220106_085737048949.png|SAVIPROLOL 2,5 2,5mg|HANGITOR PLUS 40mg+12,5mg
20220106_085737052981.png|HAPENXIN CAPSULES 0,5g|KAVASDIN 5 5mg
20220106_085737055594.png|PARTAMOL TAB. 500mg|METRONIDAZOL 250 250mg|FABAMOX 500 500mg
20220106_085857627818.png|MEGLUCON 1000 1000mg|PYME DIAPRO MR 30mg
20220106_085857640236.png|DROMASM FORT 80mg
20220106_085857651362.png|MEGLUCON 1000 1000mg|PYME DIAPRO MR 30mg
20220106_085857711605.png|SAVI PROLOL 5 5mg|EBITAC 12.5 10mg + 12,5mg
20220602_085924613307.png|XITORAN 0,5g|SERGUROP 10mg|BỔ GAN P/H 125mg+100mg+25mg
20220602_085924707647.png|DIXIREIN 375mg|PARTAMOL TAB. 500mg|CEFADROXIL 500MG 0,5g|MENISON 4MG 4mg
20220602_085924732606.png|DIXIREIN 375mg|PANACTOL 500mg|CEFADROXIL 500MG 0,5g
20220602_085924774944.png|FABAMOX 500 500mg|PARTAMOL TAB. 500mg
20220602_085924804713.png|CARUDXAN 2mg|METRONIDAZOL 250 250mg
20220602_085924818649.png|GLUCOFAST 850 850mg|LAZIBET MR 60 60mg
20211225_090218844949.png|Bisoprolol (SaviProlol 2,5) 2,5mg|Atorvastatin (Atoris 20mg) 20mg|Telmisartan+hydroclorothiazid (Hangitor plus) 40mg+12,5mg
20211225_090218846743.png|Atorvastatin (Atoris 20mg) 20mg|Bisoprolol (SaviProlol 2,5) 2,5mg|Telmisartan+hydroclorothiazid (Hangitor plus) 40mg+12,5mg|Đinh lăng, bạch quả (Hoạt huyết dưỡng não) 150mg+20mg
20211225_090218859272.png|Atorvastatin (Atoris 20mg) 20mg|Bisoprolol (SaviProlol 2,5) 2,5mg|Carbocistein (Anpemux) 250mg|Cefalexin (Firstlexin 500) 0,5g|Enalapril+hydrochlorothiazide (Ebitac 12.5) 10mg + 12,5mg
20211225_090218873156.png|Gliclazid (Golddicron) 30mg|Đinh lăng, bạch quả (Hoạt huyết dưỡng não) 150mg+20mg|Bisoprolol (SaviProlol 2,5) 2,5mg|Telmisartan+hydroclorothiazid (Hangitor plus) 40mg+12,5mg|Metformin (Metformin 500) 500mg
20220602_090414085115.png|COLCHICIN 1mg|PARTAMOL TAB. 500mg
20220602_090414087305.png|MILURIT 300mg|COLCHICIN 1mg
20220602_090414124994.png|RENAPRIL 5MG 5mg|GLUCOFAST 500 500mg
20211225_090839076402.png|Bisoprolol (SaviProlol 2,5) 2,5mg|Metformin (Metformin 500) 500mg
20220127_090943257729.png|LAZIBET MR 60 60mg|GLUCOFAST 500 500mg
20220127_090943258240.png|GLUCOFAST 850 850mg
20220127_090943281618.png|CEFADROXIL 0,5g|VIPREDNI 16MG 16mg|MYPARA 500 500mg
20211225_091110680980.png|Paracetamol (Partamol Tab.) 500mg|Metronidazol (Metronidazol 250) 250 mg|Đinh lăng, bạch quả (Hoạt huyết dưỡng não) 150mg+20mg|Amoxicilin (Fabamox 500) 500mg
20211225_091110683977.png|Đinh lăng, bạch quả (Hoạt huyết dưỡng não) 150mg+20mg|Cefalexin (Firstlexin 500) 0,5g|Drotaverin clohydrat (Dromasm fort) 80mg
20211225_091110686770.png|Cefalexin (Firstlexin 500) 0,5g|Carbocistein (Anpemux) 250mg|Đinh lăng, bạch quả (Hoạt huyết dưỡng não) 150mg+20mg|Telmisartan+hydroclorothiazid (Hangitor plus) 40mg+12,5mg
20211225_091110700252.png|Atorvastatin (Atoris 20mg) 20mg|Bisoprolol (SaviProlol 2,5) 2,5mg|Telmisartan+hydroclorothiazid (Hangitor plus) 40mg+12,5mg
20220127_091148943103.png|KAGASDINE 20mg|DROMASM FORT 80mg|AMOXICILIN 500MG 500mg
20220318_091328362836.png|XITORAN 0,5g|SETBLOOD 115mg+100mg+50mcg|MYPARA 500 500mg
20220318_091328379587.png|DIXIREIN 375mg|CEFADROXIL 500MG 0,5g
20211225_091344586218.png|Cefalexin (Firstlexin 500) 0,5g|Paracetamol (Partamol Tab.) 500mg
20220106_091917522040.png|SAVIPROLOL 2,5 2,5mg|HANGITOR PLUS 40mg+12,5mg
20220106_091917544109.png|MEZAFEN 60mg|HAPENXIN CAPSULES 0,5g
20220106_092115388659.png|HANGITOR PLUS 40mg+12,5mg
20211227_092203170103.png|PARTAMOL TAB. 500mg|CEFADROXIL 500MG 0,5g
20210705_092203919295.png|CEFADROXIL 500MG 0,5g|PARTAMOL TAB. 500mg
20220120_092225823538.png|SAVI PROLOL 5 5mg
20220120_092225842805.png|METFORMIN 500 500mg
20220120_092225843309.png|METFORMIN 500 500mg
20220120_092225888169.png|METFORMIN 500 500mg
20220120_092225893901.png|GLUCOFAST 850 850mg
20220106_092510243749.png|KAGASDINE 20mg|FABAMOX 500 500mg
20220106_093124306625.png|KAGASDINE 20mg|FABAMOX 500 500mg
20220106_093124342442.png|ENALAPRIL 5mg|MEGLUCON 1000 1000mg|PYME DIAPRO MR 30mg
20220106_093124376902.png|ENALAPRIL 5mg|MEGLUCON 1000 1000mg|PYME DIAPRO MR 30mg
20220106_093124405654.png|PARTAMOL TAB. 500mg|CLORPHENIRAMIN 4mg|FABAMOX 500 500mg
20220106_093321878593.png|METRONIDAZOL 250 250mg|BỔ HUYẾT ÍCH NÃO BDF 40mg+300mg
20220106_093321929156.png|ENALAPRIL 5mg|MEGLUCON 1000 1000mg|PYME DIAPRO MR 30mg
20210515_093328872493.png|KATRYPSIN 4,2mg|PARTAMOL TAB. 500mg
20210515_093328931005.png|KAVASDIN 5 5mg
20210515_093328941218.png|ENALAPRIL 5mg
20220314_093651680490.png|GLUCOFAST 500 500mg|LAZIBET MR 60 60mg
20210515_093720384615.png|METFORMIN 500 500mg
20220120_093723999885.png|METFORMIN 500 500mg|CHORLATCYN 125mg+50mg+50mg+25mg
20220120_093724004410.png|LAZIBET MR 60 60mg
20220120_093724052328.png|LAZIBET MR 60 60mg|METFORMIN 500 500mg
20220120_093724054544.png|METFORMIN 500 500mg
20210515_093851674383.png|LENINARTO 10 10mg
20210515_093851721467.png|TYDOL PM 500mg + 25mg|MEZAFEN 60mg|AMOXICILIN 500MG 500mg
20220314_094020160986.png|ENALAPRIL 5mg|GLUCOFAST 850 850mg
20220322_094503968474.png|CLORPHENIRAMIN 4mg|DROXICEF 0,5g|PARTAMOL TAB. 500mg
20220322_094503992385.png|DIXIREIN 375mg|DROXICEF 0,5g
20220322_094848743805.png|FABAMOX 500 500mg|PARTAMOL TAB. 500mg
20220322_094848747107.png|CLORPHENIRAMIN 4mg|FABAMOX 500 500mg|PARTAMOL TAB. 500mg
20210515_095101033019.png|GLUCOFAST 500 500mg
20210515_095101038926.png|METFORMIN 500 500mg
20220322_095114429637.png|DIXIREIN 375mg|DROXICEF 0,5g
20220322_095114437931.png|DIXIREIN 375mg|DROXICEF 0,5g
20220322_095114438578.png|DIXIREIN 375mg|DROXICEF 0,5g
20220322_095114448078.png|CLORPHENIRAMIN 4mg|FABAMOX 500 500mg|PARTAMOL TAB. 500mg
20220322_095114476475.png|METRONIDAZOL 250 250mg
20220409_095319873758.png|PANACTOL 500mg
20220120_095420690165.png|GLUCOFAST 850 850mg
20220120_095420693248.png|GLUCOFAST 500 500mg
20220120_095420764610.png|METFORMIN 500 500mg
20210513_100646834459.png|GLUCOFAST 500 500mg
20220404_102132588058.png|DIXIREIN 375mg|PANACTOL 500mg|CEFADROXIL 500MG 0,5g
20220412_102530954270.png|PARTAMOL TAB. 500mg|DROXICEF 0,5g
20220412_102530958353.png|PARTAMOL TAB. 500mg|MENISON 4MG 4mg|CEFADROXIL 500MG 0,5g
20220412_102530971926.png|CLORPHENIRAMIN 4mg|FABAMOX 500 500mg|PARTAMOL TAB. 500mg
20220412_102530972752.png|PANACTOL 500mg|HAPENXIN CAPSULES 0,5g
20220412_102530977097.png|METRONIDAZOL 250 250mg|FABAMOX 500MG 500mg
20220412_102530993513.png|BROMHEXIN ACTAVIS 8mg|HAPENXIN CAPSULES 0,5g|TYDOL PM 500mg + 25mg
20220412_102530995154.png|DROMASM FORT 80mg|METRONIDAZOL 250 250mg
20220412_102531018737.png|KATRYPSIN 4,2mg|PARTAMOL TAB. 500mg
20220404_102812638729.png|ENALAPRIL 5mg
20220404_102812641881.png|ENALAPRIL 5mg
20220404_102812645955.png|ENALAPRIL 5mg
20220404_102812650824.png|KAVASDIN 5 5mg
20220412_103146215794.png|KAGASDINE 20mg|FABAMOX 500 500mg
20220412_103146225326.png|METRONIDAZOL 250 250mg
20220322_103211257932.png|GLUCOFAST 500 500mg
20220322_103211273365.png|PANACTOL 500mg|VIPREDNI 16MG 16mg|CEFADROXIL 500MG 0,5g
20220322_103211295952.png|BLOZA 50mg
20220322_103500020658.png|FABAMOX 500 500mg|PARTAMOL TAB. 500mg
20220322_103500029687.png|KATRYPSIN 4,2mg|PARTAMOL TAB. 500mg
20220322_103500030162.png|MENISON 4MG 4mg|CLORPHENIRAMIN 4mg
20220322_103500032776.png|DROMASM FORT 80mg|DROXICEF 0,5g
20220322_103500051501.png|KATRYPSIN 4,2mg|PANACTOL 500mg
20220404_103642155393.png|ENALAPRIL 5mg
20220404_103642166005.png|ENALAPRIL 5mg
20220404_103642168070.png|ENALAPRIL 5mg
20220404_103642170143.png|ENALAPRIL 5mg
20220404_103642172375.png|NIFEDIPIN T20 STADA RETARD 20mg
20220404_103642174605.png|ENALAPRIL 5mg
20220404_103642251811.png|ENALAPRIL 5mg|INBACID 10 10mg|SAVIPROLOL 2,5 2,5mg
20211230_105401431551.png|Loxoprofen (Mezafen) 60mg|Amoxicilin (Fabamox 500) 500mg
20211230_105401435970.png|Cefalexin (Firstlexin 500) 0,5g|Paracetamol (Partamol Tab.) 500mg
20211230_105616212608.png|Atorvastatin (Atoris 20mg) 20mg|Đinh lăng, bạch quả (Hoạt huyết dưỡng não) 150mg+20mg|Bisoprolol (SaviProlol 2,5) 2,5mg|Telmisartan+hydroclorothiazid (Hangitor plus) 40mg+12,5mg
20210519_105828636525.png|CEFADROXIL 0,5g|MYPARA 500 500mg
20220308_110007713122.png|SAVI PROLOL 5 5mg|EBITAC 12.5 10mg + 12,5mg|BỔ HUYẾT ÍCH NÃO BDF 40mg+300mg
20220308_110132294001.png|HAPENXIN CAPSULES 0,5g
20220308_110239398435.png|ENALAPRIL 5mg
20220308_110239430354.png|EBITAC 12.5 10mg + 12,5mg|BỔ HUYẾT ÍCH NÃO BDF 40mg+300mg
20220308_110239442404.png|METRONIDAZOL 250 250mg|PARTAMOL TAB. 500mg|BỔ HUYẾT ÍCH NÃO BDF 40mg+300mg|FABAMOX 500 500mg
20220308_110349925111.png|CLORPHENIRAMIN 4mg|PARTAMOL TAB. 500mg|AMOXICILIN 500MG 500mg
20220308_110349950577.png|METHYLPREDNISOLON 4 4mg|PARTAMOL TAB. 500mg|FABAMOX 500 500mg
20210608_110806611658.png|MYPARA 500 500mg|KAVASDIN 5 5mg|XITORAN 0,5g
20210608_110806616234.png|SAVI LOSARTAN 50 50mg|COSYNDO B 175mg+175mg+125mcg
20220308_111354934473.png|DROMASM FORT 80mg|HAPENXIN CAPSULES 0,5g
20220414_111400905597.png|PAMLONOR 5mg
20210506_111956510002.png|CEFADROXIL 0,5g|STATRIPSINE 4,2mg
20210519_112406162005.png|RENAPRIL 5MG 5mg|DICLOFENAC 50mg
20210506_112703353531.png|ENALAPRIL 5mg|AMOXICILLIN 500MG 0,5g
20210608_115318902274.png|GLUCOFAST 500 500mg
20210608_115318941383.png|MEGLUCON 1000 1000mg
20210608_115318942134.png|MEGLUCON 1000 1000mg
20220315_121917458747.png|ENALAPRIL 5mg|SAVI ACARBOSE 100 100mg
20220315_121917462399.png|RENAPRIL 5MG 5mg|SAVI ACARBOSE 100 100mg
20220316_122223004044.png|LAZIBET MR 60 60mg|SAVI LOSARTAN 50 50mg|METFORMIN 500 500mg
20220316_122504934662.png|EBITAC 12.5 10mg + 12,5mg|METFORMIN 500 500mg
20210519_122550332306.png|MEGLUCON 1000 1000mg
20210519_122753083068.png|GLUCOFAST 850 850mg|SAVI ACARBOSE 100 100mg
20210507_123023900873.png|PANACTOL 500mg|CEFADROXIL 500MG 0,5g|DIXIREIN 375mg
20210507_123729131714.png|ENALAPRIL 5mg
20210507_123729132414.png|ENALAPRIL 5mg
20210519_123956446801.png|ENALAPRIL 5mg|LAZIBET MR 60 60mg|GLUCOFAST 850 850mg
20220304_124227691680.png|DIXIREIN 375mg|DROXICEF 0,5g|PARTAMOL TAB. 500mg
20220304_124227707716.png|PARTAMOL TAB. 500mg|CEFADROXIL 500MG 0,5g
20220304_124227730603.png|PANACTOL 500mg|HAPENXIN CAPSULES 0,5g
20220304_124227735230.png|PANACTOL 500mg|HAPENXIN CAPSULES 0,5g
20220304_124227756348.png|DROMASM FORT 80mg|PRAZOPRO 40mg|FABAMOX 500 500mg|METRONIDAZOL 250 250mg
20220304_124227767398.png|CEFADROXIL 0,5g
20220304_124227769565.png|LENINARTO 10 10mg
20220304_124728022473.png|DIXIREIN 375mg|DROXICEF 0,5g|PARTAMOL TAB. 500mg
20220304_124728028455.png|PANACTOL 500mg|CEFADROXIL 500MG 0,5g
20220304_124728047932.png|CEFADROXIL 0,5g|PARTAMOL TAB. 500mg
20220304_124728107391.png|BROMHEXIN ACTAVIS 8MG 8mg|CEFADROXIL 0,5g|PARTAMOL TAB. 500mg
20210514_124805062726.png|GLUCOFAST 500 500mg
20220304_125136048390.png|DIXIREIN 375mg|DROXICEF 0,5g
20220304_125136049888.png|PANACTOL 500mg|KATRYPSIN 4,2mg
20220304_125136059324.png|ALFACHIM 4,2mg|CEFADROXIL 0,5g|MYPARA 500 500mg
20220304_125136096603.png|PANACTOL 500mg|KATRYPSIN 4,2mg|CEFADROXIL 500MG 0,5g
20220602_125136448621.png|FABAMOX 500 500mg|PARTAMOL TAB. 500mg
20220602_125136454443.png|KATRYPSIN 4,2mg|PANACTOL 500mg
20220602_125136571805.png|PARTAMOL TAB. 500mg|FABAMOX 500 500mg|CLORPHENIRAMIN 4mg
20210514_125141106920.png|GLUCOFAST 500 500mg
20210514_125141139529.png|ENALAPRIL 5mg|LAZIBET MR 60 60mg|SAVI ACARBOSE 100 100mg
20210514_125141141016.png|ENALAPRIL 5mg|GLUCOFAST 850 850mg
20210514_125556274948.png|ENALAPRIL 5mg|GLUCOFAST 850 850mg
20210514_125556295851.png|GLUCOFAST 500 500mg
20210608_125755832935.png|LENINARTO 10 10mg
20210608_125755833806.png|LENINARTO 10 10mg
20220304_125818879636.png|XITORAN 0,5g|ALFACHIM 4,2mg|MYPARA 500 500mg
20220304_125818880452.png|XITORAN 0,5g|SETBLOOD 115mg+100mg+50mcg
20220317_125948297509.png|PARTAMOL TAB. 500mg|HAPENXIN CAPSULES 0,5g
20220317_125948344331.png|METHYLPREDNISOLON 4 4mg|PARTAMOL TAB. 500mg|DIXIREIN 375mg|HAPENXIN CAPSULES 0,5g
20210608_130139839408.png|KATRYPSIN 4,2mg|TYDOL PM 500mg + 25mg|HAPENXIN CAPSULES 0,5g
20210608_130139845629.png|CEFADROXIL 500MG 0,5g|PARTAMOL TAB. 500mg
20210608_130139852333.png|PANACTOL 500mg|VITAMIN C STADA 1G 1g
20210608_130139863336.png|PANACTOL 500mg|KATRYPSIN 4,2mg
20210608_130139866145.png|METRONIDAZOL 250 250mg
20210608_130139890921.png|MEZAFEN 60mg|VINA-AD 2000ui+ 400ui
20210608_130139976906.png|MEGLUCON 1000 1000mg
20210608_130140028166.png|MEGLUCON 1000 1000mg
20210608_130140040634.png|CEFADROXIL 500MG 0,5g|PANACTOL 500mg
20220319_130247086370.png|CEFADROXIL 0,5g
20220304_130723676900.png|MYPARA 500 500mg|VIPREDNI 16MG 16mg|CEFADROXIL 0,5g
20220304_130723693603.png|VIPREDNI 16MG 16mg|CEFADROXIL 0,5g|MYPARA 500 500mg
20220304_130723694522.png|MYPARA 500 500mg|VIPREDNI 16MG 16mg|CEFADROXIL 0,5g
20220304_130723704387.png|AMOXICILIN 500MG 500mg
20220304_130723707443.png|METFORMIN 500 500mg
20220304_130723709818.png|MEGLUCON 1000 1000mg
20220304_130723716293.png|BLOZA 50mg|GLUCOFAST 500 500mg
20220304_130723716707.png|BLOZA 50mg
20220304_131210459218.png|PAMLONOR 5mg|METFORMIN 500 500mg
20220304_131210507466.png|ENALAPRIL 5mg|GLUCOFAST 500 500mg
20220329_131330935644.png|KATRYPSIN 4,2mg|PANACTOL 500mg
20220329_131330956113.png|ALFACHIM 4,2mg|MYPARA 500 500mg
20220329_131330967783.png|FABAMOX 500 500mg
20220304_131354255212.png|ENALAPRIL 5mg|AMCARDIA-5 5mg
20220304_131354257846.png|METFORMIN 500 500mg
20220304_131538471587.png|GLUCOFAST 850 850mg
20220304_131538484947.png|METFORMIN 500 500mg
20210505_131538488626.png|CEFADROXIL 0,5g
20220304_131538503181.png|BLOZA 50mg|MEGLUCON 1000 1000mg
20220602_131741022355.png|VIPREDNI 16MG 16mg|AMOXICILIN 500MG 500mg|TYDOL PM 500mg + 25mg
20220304_131831566323.png|PARTAMOL TAB. 500mg|FABAMOX 500 500mg|METRONIDAZOL 250 250mg
20220304_131831597191.png|METRONIDAZOL 250 250mg
20220304_131831635101.png|MEGLUCON 1000 1000mg
20220131_132032431184.png|SERGUROP 10mg|BỔ GAN P/H 125mg+100mg+25mg
20220131_132032474908.png|CEFADROXIL 0,5g|MYPARA 500 500mg|STATRIPSINE 4,2mg
20220131_132243975953.png|PARTAMOL TAB. 500mg|HAPENXIN CAPSULES 0,5g
20220304_132357686358.png|METRONIDAZOL 250 250mg
20210505_132449427998.png|DROMASM FORT 80mg|METRONIDAZOL 250 250mg
20220304_132628804498.png|PARTAMOL TAB. 500mg|FABAMOX 500 500mg|METRONIDAZOL 250 250mg
20220304_132628824447.png|PARTAMOL TAB. 500mg|CEFADROXIL 500MG 0,5g
20220304_132628834562.png|BLOZA 50mg|MEGLUCON 1000 1000mg
20220304_132628863917.png|KATRYPSIN 4,2mg|HAPENXIN CAPSULES 0,5g|TYDOL PM 500mg + 25mg
20220304_132628865506.png|METFORMIN 500 500mg
20220304_133042204650.png|KATRYPSIN 4,2mg|PARTAMOL TAB. 500mg|PAMLONOR 5mg|HAPENXIN CAPSULES 0,5g
20220304_133042256158.png|BỔ GAN P/H 125mg+100mg+25mg|XITORAN 0,5g|CLORPHENIRAMIN 4mg
20220304_133042267480.png|CEFADROXIL 0,5g
20210505_133053118659.png|LENINARTO 10 10mg
20210505_133053129370.png|CHORLATCYN 125mg+50mg+50mg+25mg
20210505_133137216011.png|DROMASM FORT 80mg|METRONIDAZOL 250 250mg
20220530_133234239187.png|PANACTOL 500mg|VIPREDNI 16MG 16mg|CEFADROXIL 500MG 0,5g
20220314_133525307257.png|CLORPHENIRAMIN 4mg|AMOXICILIN 500MG 500mg
20211230_133546694827.png|CEFADROXIL 0,5g
20220304_133729929689.png|AMOXICILIN 500MG 500mg
20220304_133729963262.png|ENALAPRIL 5mg|LAZIBET MR 60 60mg|GLUCOFAST 500 500mg
20220304_133729965377.png|BECOSEMID 40mg
20220304_133729970996.png|MEGLUCON 1000 1000mg
20220304_133947779059.png|FABAMOX 500 500mg|PARTAMOL TAB. 500mg
20220304_133947802390.png|FABAMOX 500 500mg|PARTAMOL TAB. 500mg
20220304_133947819847.png|LIVONIC 2500mg+400mg+500mg+85mg
20220304_133947832691.png|PRAZOPRO 40mg|LIVONIC 2500mg+400mg+500mg+85mg|AMOXICILIN 500MG 500mg|METRONIDAZOL 250 250mg
20211222_134006519797.png|MENISON 4MG 4mg|DROXICEF 0,5g|PARTAMOL TAB. 500mg
20220304_134203596658.png|FABAMOX 500 500mg
20220304_134203626080.png|KATRYPSIN 4,2mg|PARTAMOL TAB. 500mg
20220304_134203626521.png|MENISON 4MG 4mg|CLORPHENIRAMIN 4mg
20220304_134203630903.png|SERGUROP 10mg|CHORLATCYN 125mg+50mg+50mg+25mg|VIPREDNI 16MG 16mg
20220304_134408626541.png|ALFACHIM 4,2mg|CEFADROXIL 0,5g|MYPARA 500 500mg
20220304_134612631581.png|DIXIREIN 375mg|VIPREDNI 16MG 16mg|CEFADROXIL 500MG 0,5g
20220530_140843861597.png|PANACTOL 500mg|VIPREDNI 16MG 16mg|CEFADROXIL 500MG 0,5g
20220530_140843874275.png|VIPREDNI 16MG 16mg|CEFADROXIL 0,5g|BROMHEXIN ACTAVIS 8MG 8mg
20220314_142103694109.png|FABAMOX 500 500mg
20220321_142640267342.png|PARTAMOL TAB. 500mg|CEFADROXIL 500MG 0,5g
20210608_145708627962.png|METRONIDAZOL 250 250mg
20210608_145708655710.png|PANACTOL 500mg|ENALAPRIL 5mg|HAPENXIN CAPSULES 0,5g
20210608_145708656448.png|PANACTOL 500mg|ENALAPRIL 5mg|HAPENXIN CAPSULES 0,5g
20210608_145708657812.png|AMCARDIA-5 5mg
20210608_145708675500.png|BLOZA 50mg
20210608_145708694516.png|CEFADROXIL 0,5g|MYPARA 500 500mg
20210608_145708739760.png|MEGLUCON 1000 1000mg
20210608_150049191668.png|XITORAN 0,5g|MYPARA 500 500mg
20210608_150049215763.png|GOLDDICRON 30mg
20210608_150049216208.png|GOLDDICRON 30mg
20210608_151131805114.png|MEZAFEN 60mg|COSYNDO B 175mg+175mg+125mcg|DICLOFENAC 50mg
20210608_151326251011.png|GLUCOFAST 500 500mg
20220530_151353811667.png|KAVASDIN 5 5mg|CLORPHENIRAMIN 4mg
20220530_151353812400.png|KAVASDIN 5 5mg|CLORPHENIRAMIN 4mg
20220407_152433168918.png|METFORMIN 500 500mg|SAVI ACARBOSE 100 100mg
20220407_152433203771.png|LAZIBET MR 60 60mg|GLUCOFAST 850 850mg
20220407_152433263617.png|METFORMIN 500 500mg
20220407_152433276087.png|GLUCOFAST 500 500mg
20220407_152433278227.png|GLUCOFAST 850 850mg
20220407_152433284589.png|GLUCOFAST 500 500mg
20220601_152506172800.png|PARTAMOL TAB. 500mg|CEFADROXIL 500MG 0,5g
20220105_152508481319.png|STATRIPSINE 4,2mg|CEFADROXIL 0,5g|MYPARA 500 500mg|METRONIDAZOL 250mg
20220407_152538457608.png|GLUCOFAST 850 850mg
20220407_152756462107.png|VENRUTINE 100mg +500mg
20210510_155320297787.png|CEFADROXIL 500MG 0,5g|PANACTOL 500mg
20210510_155543385773.png|MYPARA 500 500mg
20210510_155906012024.png|EBITAC 12.5 10mg + 12,5mg|LAZIBET MR 60 60mg
20210510_160029507286.png|LAZIBET MR 60 60mg
20210611_161105541089.png|SPASVINA 40mg|KAGASDINE 20mg|METRONIDAZOL 250 250mg
20210611_161105558226.png|ENALAPRIL 5mg
20210611_161105560684.png|ENALAPRIL 5mg
20210611_161105574617.png|XITORAN 0,5g|MYPARA 500 500mg
20210611_161105596557.png|FABAMOX 500MG 500mg
20210611_161105617616.png|FABAMOX 500 500mg
20210507_162302232331.png|VACO LORATADINE 10mg|MEZAFEN 60mg|SETBLOOD 115mg+100mg+50mcg
20220407_162858306370.png|METFORMIN 500 500mg
20220407_162858378511.png|SETBLOOD 115mg+100mg+50mcg|MYPARA 500 500mg
20220129_163517071595.png|KAVASDIN 5 5mg|SETBLOOD 115mg+100mg+50mcg
20220129_163517072808.png|KAVASDIN 5 5mg|SETBLOOD 115mg+100mg+50mcg
20220129_164344512720.png|CARUDXAN 2mg|METRONIDAZOL 250 250mg
20220316_170538878196.png|FABAMOX 500 500mg
20220527_170658180059.png|SAVI LOSARTAN 50 50mg
20220316_171220026580.png|FABAMOX 500 500mg|PARTAMOL TAB. 500mg|METRONIDAZOL 250 250mg
20220316_172018698375.png|PARTAMOL TAB. 500mg|CLORPHENIRAMIN 4mg|HAPENXIN CAPSULES 0,5g
20220316_172018736324.png|PARTAMOL TAB. 500mg|FABAMOX 500 500mg
20220316_172018736964.png|HAPENXIN CAPSULES 0,5g
20220317_173817959706.png|LAZIBET MR 60 60mg|METFORMIN 500 500mg
20220317_173951497303.png|MYPARA 500 500mg|XITORAN 0,5g|METRONIDAZOL 250 250mg
20220317_174106677843.png|METFORMIN 500 500mg
20220317_174106685355.png|METFORMIN 500 500mg
20220317_174106696572.png|METFORMIN 500 500mg
20220317_174106716702.png|METFORMIN 500 500mg
20220317_182311278569.png|MEGLUCON 1000 1000mg
20220314_183216876114.png|MEZAFEN 60mg|HAPENXIN CAPSULES 0,5g
20220314_183459889029.png|PARTAMOL TAB. 500mg|HAPENXIN CAPSULES 0,5g
20220314_183459890369.png|PARTAMOL TAB. 500mg|HAPENXIN CAPSULES 0,5g
20220314_183459894583.png|PARTAMOL TAB. 500mg|HAPENXIN CAPSULES 0,5g
20220122_200521633376.png|XITORAN 0,5g|MENISON 4MG 4mg
20220122_200737077769.png|DIXIREIN 375mg|DROXICEF 0,5g|PARTAMOL TAB. 500mg
20220314_200948698224.png|BỔ HUYẾT ÍCH NÃO BDF 40mg+300mg|HANGITOR PLUS 40mg+12,5mg
20220314_201102467823.png|SAVI PROLOL 5 5mg|HANGITOR PLUS 40mg+12,5mg
20220314_201102486222.png|ENALAPRIL 5mg|SAVI PROLOL 5 5mg
20220122_201146419516.png|DIXIREIN 375mg|CLORPHENIRAMIN 4mg|DROXICEF 0,5g
20220122_201146423183.png|KATRYPSIN 4,2mg|CEFADROXIL 500MG 0,5g|PARTAMOL TAB. 500mg
20220314_201216294547.png|BỔ HUYẾT ÍCH NÃO BDF 40mg+300mg|HANGITOR PLUS 40mg+12,5mg
20220314_201216313905.png|PARTAMOL TAB. 500mg|FABAMOX 500 500mg
20220314_201448853481.png|ENALAPRIL 5mg|KAGASDINE 20mg
20220314_201448870519.png|HANGITOR PLUS 40mg+12,5mg
20220314_201448906497.png|METHYLPREDNISOLON 4 4mg|PARTAMOL TAB. 500mg|HAPENXIN CAPSULES 0,5g
20220122_201751756928.png|GLUCOFAST 500 500mg
20220122_201751823202.png|PARTAMOL TAB. 500mg|HAPENXIN CAPSULES 0,5g|METRONIDAZOL 250 250mg
20220315_202219540041.png|ENALAPRIL 5mg|INBACID 10 10mg|SAVI PROLOL 5 5mg
20220315_202219554179.png|HANGITOR PLUS 40mg+12,5mg
20220315_202219560231.png|MEZAFEN 60mg|SAVI 3B 100mg+100mg+0,15mg
20220127_202243624693.png|KAGASDINE 20mg|AMOXICILIN 500MG 500mg|PARTAMOL TAB. 500mg
20220127_202243628031.png|KAGASDINE 20mg|DROMASM FORT 80mg|AMOXICILIN 500MG 500mg|METRONIDAZOL 250 250mg
20220127_202243632146.png|MEZAFEN 60mg|PANACTOL 500mg|AMOXICILIN 500MG 500mg
20220127_202243648209.png|STATRIPSINE 4,2mg|MYPARA 500 500mg
20220122_202413544590.png|PANACTOL 500mg|XITORAN 0,5g|CLORPHENIRAMIN 4mg
20220315_202418746092.png|PAMLONOR 5mg
20220315_202418786362.png|ENALAPRIL 5mg|PAMLONOR 5mg
20220315_202635934835.png|PARTAMOL TAB. 500mg|FABAMOX 500 500mg
20220315_202635948979.png|FABAMOX 500 500mg|METRONIDAZOL 250 250mg
20220315_202635957808.png|MEZAFEN 60mg|HAPENXIN CAPSULES 0,5g
20220315_202635965106.png|MEZAFEN 60mg|HAPENXIN CAPSULES 0,5g
20220127_202723063873.png|METFORMIN 500 500mg
20220127_202723064400.png|METFORMIN 500 500mg
20220127_202723065592.png|METFORMIN 500 500mg
20220127_202723072862.png|METFORMIN 500 500mg
20220127_202723077134.png|MEGLUCON 1000 1000mg
20220315_202931194727.png|ENALAPRIL 5mg
20220315_202931205070.png|PARTAMOL TAB. 500mg|HAPENXIN CAPSULES 0,5g
20220122_202959153420.png|PANACTOL 500mg|VIPREDNI 16MG 16mg|CEFADROXIL 500MG 0,5g
20220122_202959172454.png|VINA-AD 2000ui+ 400ui|DICLOFENAC 50mg|MYPARA 500 500mg
20220122_202959224734.png|CEFADROXIL 0,5g|MYPARA 500 500mg
20220122_202959230709.png|FABAMOX 500 500mg|PARTAMOL TAB. 500mg
20220127_203013688473.png|GLUCOFAST 500 500mg
20220127_203013753614.png|MEGLUCON 1000 1000mg
20220127_203013761581.png|METFORMIN 500 500mg
20220127_203013762289.png|METFORMIN 500 500mg
20220127_203013763057.png|METFORMIN 500 500mg
20220127_203013765400.png|GLUCOFAST 500 500mg
20220127_203013766083.png|GLUCOFAST 500 500mg
20220127_203013766676.png|GLUCOFAST 500 500mg
20220127_203013767752.png|GLUCOFAST 500 500mg
20220120_203100149141.png|Loxoprofen (Mezafen) 60mg|Đinh lăng, bạch quả (Hoạt huyết dưỡng não) 150mg+20mg
20220120_203100195909.png|FABAMOX 500 500mg|DROMASM FORT 80mg|METRONIDAZOL 250 250mg|KAGASDINE 20mg
20220314_203212833865.png|PARTAMOL TAB. 500mg|METRONIDAZOL 250 250mg|FABAMOX 500 500mg
20220314_203212836277.png|PARTAMOL TAB. 500mg|METRONIDAZOL 250 250mg|FABAMOX 500 500mg
20220120_203242378571.png|FABAMOX 500 500mg|METRONIDAZOL 250 250mg|PARTAMOL TAB. 500mg|BỔ HUYẾT ÍCH NÃO BDF 40mg+300mg
20220127_203343682439.png|ENALAPRIL 5mg|GLUCOFAST 500 500mg
20211227_205143330778.png|PARTAMOL TAB. 500mg|HAPENXIN CAPSULES 0,5g
20220123_205845867142.png|KATRYPSIN 4,2mg|PANACTOL 500mg
20210503_210001239354.png|CEFADROXIL 0,5g
20210503_210248992906.png|MYPARA 500 500mg
20210503_210617156342.png|VINA-AD 2000ui+ 400ui|DICLOFENAC 50mg|AMOXICILIN 500MG 500mg
20220118_210801424158.png|GLUCOFAST 500 500mg|RENAPRIL 5MG 5mg
20220123_211019693680.png|PANACTOL 500mg|METRONIDAZOL 250 250mg
20220123_211019743178.png|FABAMOX 500 500mg|PARTAMOL TAB. 500mg
20220118_211130359695.png|DROXICEF 0,5g
20220118_211130415040.png|PANACTOL 500mg
20220118_211500371679.png|MENISON 4MG 4mg|CEFADROXIL 500MG 0,5g|PARTAMOL TAB. 500mg
20220118_211500373673.png|VIPREDNI 16MG 16mg|FABAMOX 500MG 500mg
20220118_211500382625.png|OTDXICAM 7.5mg|CHORLATCYN 125mg+50mg+50mg+25mg|HAPENXIN CAPSULES 0,5g
20220118_211500383450.png|OTDXICAM 7.5mg|CHORLATCYN 125mg+50mg+50mg+25mg|HAPENXIN CAPSULES 0,5g
20220118_211844788523.png|CEFADROXIL 0,5g|PARTAMOL TAB. 500mg
20220413_212045020220.png|SAVI PROLOL 5 5mg
20220123_212050228037.png|CLORPHENIRAMIN 4mg|DROXICEF 0,5g|PARTAMOL TAB. 500mg
20220123_212050268803.png|PANACTOL 500mg|METRONIDAZOL 250 250mg
20220118_212943719551.png|BLOZA 50mg
20220118_213200304649.png|LENINARTO 10 10mg
20220118_213440002721.png|MENISON 4MG 4mg|DIXIREIN 375mg|PARTAMOL TAB. 500mg|CEFADROXIL 500MG 0,5g
20220118_213440029476.png|BROMHEXIN ACTAVIS 8mg|AMOXICILIN 500MG 500mg|TYDOL PM 500mg + 25mg
20220118_213440030099.png|BỔ GAN P/H 125mg+100mg+25mg|PANACTOL 500mg|CLORPHENIRAMIN 4mg
20220110_214018763730.png|GLUCOFAST 500 500mg
20220110_214321856644.png|PANACTOL 500mg
20220110_214321894478.png|KATRYPSIN 4,2mg|PARTAMOL TAB. 500mg
20220110_214321909056.png|KATRYPSIN 4,2mg|PARTAMOL TAB. 500mg
20220118_214714264296.png|DIXIREIN 375mg|INBACID 10 10mg|ASPIRIN 81MG 81mg|HAPENXIN CAPSULES 0,5g|PAMLONOR 5mg|SAVI PROLOL 5 5mg
20220118_214714266326.png|HANGITOR PLUS 40mg+12,5mg|DIXIREIN 375mg|HAPENXIN CAPSULES 0,5g
20220118_214847880497.png|DIXIREIN 375mg|PANACTOL 500mg|VIPREDNI 16MG 16mg|CEFADROXIL 500MG 0,5g
20220118_214847881130.png|DIXIREIN 375mg|PANACTOL 500mg|VIPREDNI 16MG 16mg|CEFADROXIL 500MG 0,5g
20220118_214847886103.png|PARTAMOL TAB. 500mg|DROXICEF 0,5g
20220118_214847909554.png|OTDXICAM 7.5mg|PARTAMOL TAB. 500mg
20220118_214847929152.png|PANACTOL 500mg|VIPREDNI 16MG 16mg|MILURIT 300mg|COLCHICIN 1mg
20220118_214847951070.png|BROMHEXIN ACTAVIS 8MG 8mg|CEFADROXIL 0,5g
20220118_214847963411.png|ENALAPRIL 5mg|GLUCOFAST 850 850mg|LAZIBET MR 60 60mg
20220110_214906541396.png|BROMHEXIN ACTAVIS 8mg|HAPENXIN CAPSULES 0,5g|TYDOL PM 500mg + 25mg
20220118_214946961053.png|ENALAPRIL 5mg|SAVI PROLOL 5 5mg|INBACID 10 10mg|ASPIRIN 81MG 81mg
20220118_214946968694.png|INBACID 10 10mg|ENALAPRIL 5mg
20220118_214946974969.png|PAMLONOR 5mg|ENALAPRIL 5mg|SAVI PROLOL 5 5mg|INBACID 10 10mg
20220118_214946975699.png|PAMLONOR 5mg|ENALAPRIL 5mg|INBACID 10 10mg
20220118_214946988452.png|ENALAPRIL 5mg
20220118_214947007991.png|DIXIREIN 375mg|PARTAMOL TAB. 500mg|METHYLPREDNISOLON 4 4mg|FABAMOX 500 500mg
20220118_215149377359.png|SAVI PROLOL 5 5mg|INBACID 10 10mg|HANGITOR PLUS 40mg+12,5mg
20220118_215149394745.png|MEZAFEN 60mg|FABAMOX 500 500mg
20220110_215158202518.png|CEFADROXIL 0,5g
20220110_215158251785.png|PANACTOL 500mg|CEFADROXIL 500MG 0,5g
20220110_215158256260.png|CLORPHENIRAMIN 4mg|CHORLATCYN 125mg+50mg+50mg+25mg
20220118_215632045541.png|ALFACHIM 4,2mg|MYPARA 500 500mg|XITORAN 0,5g|BỔ GAN P/H 125mg+100mg+25mg
20220118_215632047287.png|COLCHICIN 1mg|PARTAMOL TAB. 500mg
20220118_215632047984.png|PARTAMOL TAB. 500mg|COLCHICIN 1mg|MENISON 4MG 4mg|CEFADROXIL 500MG 0,5g
20220110_220002591819.png|HAPENXIN CAPSULES 0,5g|MEGLUCON 1000 1000mg|PYME DIAPRO MR 30mg|ENALAPRIL 5mg
20220118_220006137959.png|MILURIT 300mg|PANACTOL 500mg|GOUTCOLCIN 1mg
20220118_220006195604.png|BLOZA 50mg|MEGLUCON 1000 1000mg
20220121_220017775379.png|DIXIREIN 375mg|VIPREDNI 16MG 16mg|CEFADROXIL 500MG 0,5g
20220121_220017779414.png|PANACTOL 500mg|VIPREDNI 16MG 16mg|INGARON 200 DST 200mg|DIXIREIN 375mg
20220121_220017782134.png|DIXIREIN 375mg|PANACTOL 500mg|INGARON 200 DST 200mg
20220110_220233228764.png|METRONIDAZOL 250 250mg
20220118_220405242219.png|GLUCOFAST 500 500mg
20220118_220405254017.png|NIFEDIPIN T20 STADA RETARD 20mg|GLUCOFAST 850 850mg|SAVI ACARBOSE 100 100mg
20220118_220405254732.png|ENALAPRIL 5mg|GLUCOFAST 850 850mg|SAVI ACARBOSE 100 100mg
20220118_220405295121.png|PAMLONOR 5mg
20220110_220505804633.png|PARTAMOL TAB. 500mg|DROXICEF 0,5g
20220110_220505805320.png|MYPARA 500 500mg|CEPHALEXIN 250MG 0,25g
20220110_220505810444.png|KATRYPSIN 4,2mg|PARTAMOL TAB. 500mg
20220110_220505832103.png|FIBROFIN-145 145mg
20220110_220505838958.png|CLORPHENIRAMIN 4mg
20220110_220505864994.png|PARTAMOL TAB. 500mg
20220110_220505869495.png|KATRYPSIN 4,2mg|PARTAMOL TAB. 500mg
20220110_220505873560.png|MENISON 4MG 4mg|PARTAMOL TAB. 500mg|DROXICEF 0,5g|CLORPHENIRAMIN 4mg
20220110_220927704971.png|PANACTOL 500mg|CEFADROXIL 500MG 0,5g
20220110_220927716117.png|COLCHICIN 1mg|PARTAMOL TAB. 500mg
20220110_220927717205.png|COLCHICIN 1mg|PANACTOL 500mg|CEFADROXIL 500MG 0,5g
20220110_220927724051.png|COLCHICIN 1mg|MYPARA 500 500mg
20220110_220927725141.png|MYPARA 500 500mg|COLCHICIN 1mg|SADAPRON 300 300mg
20220321_220937659760.png|HANGITOR PLUS 40mg+12,5mg
20220321_220937681323.png|INBACID 10 10mg|HANGITOR PLUS 40mg+12,5mg|SAVI PROLOL 5 5mg
20220118_221052454713.png|GLUCOFAST 850 850mg|SAVI ACARBOSE 100 100mg
20220321_221146564508.png|MEZAFEN 60mg|CHORLATCYN 125mg+50mg+50mg+25mg|FABAMOX 500 500mg
20220321_221146632334.png|PARTAMOL TAB. 500mg|FABAMOX 500 500mg
20220118_221356454570.png|METFORMIN 500 500mg
20220118_221356490353.png|METFORMIN 500 500mg
20220321_221436441807.png|CLORPHENIRAMIN 4mg|HAPENXIN CAPSULES 0,5g
20220321_221436443316.png|METRONIDAZOL 250 250mg|AMOXICILIN 500MG 500mg
20220321_221436472533.png|PARTAMOL TAB. 500mg|FABAMOX 500 500mg
20220321_221436512445.png|PARTAMOL TAB. 500mg|HAPENXIN CAPSULES 0,5g
20220321_221633989226.png|PARTAMOL TAB. 500mg
20220321_221634051040.png|SAVI 3B 100mg+100mg+0,15mg|PARTAMOL TAB. 500mg|FABAMOX 500 500mg
20220118_221757331214.png|GLUCOFAST 850 850mg
20220118_221757339538.png|EBITAC 12.5 10mg + 12,5mg
20220118_221757355217.png|PARTAMOL TAB. 500mg|FABAMOX 500 500mg|METRONIDAZOL 250 250mg
20210503_222218732146.png|PANACTOL 500mg|HAPENXIN CAPSULES 0,5g
20220602_223254748727.png|TYDOL PM 500mg + 25mg|CEPHALEXIN PMP 500 0,5g|METRONIDAZOL 250 250mg
20220118_223300577586.png|GLUCOFAST 850 850mg
20220118_223300587846.png|METFORMIN 500 500mg
20220118_223300633942.png|GLUCOFAST 500 500mg
20220118_223300635632.png|GLUCOFAST 500 500mg
20220118_223300636138.png|GLUCOFAST 500 500mg
20220602_223505737744.png|TYDOL PM 500mg + 25mg|AMOXICILIN 500MG 500mg|BROMHEXIN ACTAVIS 8mg|METHYLSOLONE 16MG 16mg
20220602_223505754973.png|PARTAMOL TAB. 500mg
20220118_223606731736.png|GLUCOFAST 850 850mg
20220118_223606737676.png|METFORMIN 500 500mg
20220118_223606746645.png|METFORMIN 500 500mg
20220118_223606759004.png|LAZIBET MR 60 60mg|METFORMIN 500 500mg
20220118_223606763951.png|GLUCOFAST 850 850mg|SAVI ACARBOSE 100 100mg
20220118_223606786304.png|MEGLUCON 1000 1000mg
20220118_223606787983.png|METFORMIN 500 500mg
20220602_223624244786.png|KATRYPSIN 4,2mg|DROXICEF 0,5g|PARTAMOL TAB. 500mg
20220118_223822644287.png|GLUCOFAST 500 500mg|LAZIBET MR 60 60mg
20220118_223822698880.png|GLUCOFAST 500 500mg
20220118_223822699507.png|GLUCOFAST 500 500mg|SAVI ACARBOSE 100 100mg
20220318_223825356836.png|HANGITOR PLUS 40mg+12,5mg
20210509_224105820973.png|PANACTOL 500mg|CEFADROXIL 500MG 0,5g|DIXIREIN 375mg
20220118_224115067950.png|DROXICEF 500MG 0,5g|MYPARA 500 500mg
20220314_224145597040.png|GLUCOFAST 850 850mg|LAZIBET MR 60 60mg
20220104_224212628306.png|FIBROFIN-145 145mg
20220331_224321864511.png|PARTAMOL TAB. 500mg
20220601_224748431530.png|BLOZA 50mg|CEPHALEXIN PMP 500 0,5g|TYDOL PM 500mg + 25mg
20220601_224748684777.png|PARTAMOL TAB. 500mg|MENISON 4MG 4mg|DROXICEF 0,5g
20220601_224748739813.png|METRONIDAZOL 250 250mg
20210512_225054643302.png|LAZIBET MR 60 60mg|SAVI ACARBOSE 100 100mg
20210512_225143647179.png|GLUCOFAST 500 500mg
20210512_225143647872.png|GLUCOFAST 500 500mg
20210512_225143674087.png|ENALAPRIL 5mg|GLUCOFAST 850 850mg|SAVI ACARBOSE 100 100mg
20220111_225527424212.png|BLOZA 50mg|METFORMIN 500 500mg
20220111_225527425995.png|MEGLUCON 1000 1000mg|SAVI LOSARTAN 50 50mg
20220111_225933058748.png|FABAMOX 500 500mg|TYDOL PM 500mg + 25mg
20220111_225933062574.png|PARTAMOL TAB. 500mg|CEFADROXIL 500MG 0,5g
20220111_225933105854.png|GLUCOFAST 500 500mg
20220111_225933115543.png|BLOZA 50mg
20210512_230118601266.png|ENALAPRIL 5mg|GLUCOFAST 850 850mg
20220111_230212477872.png|MYPARA 500 500mg
20220111_230212527028.png|CLORPHENIRAMIN 4mg|MENISON 4MG 4mg
20210512_230253546771.png|LAZIBET MR 60 60mg|SAVI ACARBOSE 100 100mg
20210512_230253548532.png|LAZIBET MR 60 60mg|SAVI ACARBOSE 100 100mg
20220111_230556223047.png|AMOXICILIN 500MG 500mg
20220111_230556259829.png|PANACTOL 500mg|METRONIDAZOL 250 250mg|FABAMOX 500MG 500mg
20220111_230556274388.png|THANH NHIỆT TIÊU ĐỘC LIVERGOOD
20220104_230602740520.png|KAGASDINE 20mg|MEZAFEN 60mg
20220104_231005256335.png|HANGITOR PLUS 40mg+12,5mg
20210509_231051776097.png|KAVASDIN 5 5mg
20220104_231133142685.png|METFORMIN 500 500mg
20211223_231133263591.png|TYDOL PM 500mg + 25mg|CEPHALEXIN PMP 500 0,5g
20211223_231133273837.png|COSYNDO B 175mg+175mg+125mcg|MEZAFEN 60mg|DICLOFENAC 50mg
20211223_231133276081.png|PARTAMOL TAB. 500mg|METRONIDAZOL 250 250mg
20220104_231336500099.png|Bisoprolol (SaviProlol 2,5) 2,5mg|Telmisartan+hydroclorothiazid (Hangitor plus) 40mg+12,5mg|Đinh lăng, bạch quả (Hoạt huyết dưỡng não) 150mg+20mg
20220104_231336537587.png|Metformin (Meglucon 1000) 1000 mg|Telmisartan+hydroclorothiazid (Hangitor plus) 40mg+12,5mg|Đinh lăng, bạch quả (Hoạt huyết dưỡng não) 150mg+20mg
20220104_231402545142.png|METRONIDAZOL 250 250mg
20220104_231402552628.png|DIXIREIN 375mg|CEFADROXIL 500MG 0,5g
20220104_231402553864.png|DIXIREIN 375mg|CEFADROXIL 500MG 0,5g
20211223_231635382363.png|LAZIBET MR 60 60mg
20220531_231744772562.png|DIXIREIN 375mg|CEFADROXIL 500MG 0,5g
20210509_231856385732.png|CEFADROXIL 500MG 0,5g|PANACTOL 500mg
20210509_231856434541.png|METRONIDAZOL 250 250mg
20220306_231934247841.png|CARUDXAN 2mg
20220306_231934364032.png|PANACTOL 500mg|HAPENXIN CAPSULES 0,5g
20220306_231934432826.png|METRONIDAZOL 250 250mg
20220306_231934434865.png|CARUDXAN 2mg|METRONIDAZOL 250 250mg
20220118_232142092507.png|ENALAPRIL 5mg|LAZIBET MR 60 60mg|GLUCOFAST 500 500mg
20211223_232149556204.png|KATRYPSIN 4,2mg|PARTAMOL TAB. 500mg|PAMLONOR 5mg|HAPENXIN CAPSULES 0,5g
20220104_232606796903.png|SAVI LOSARTAN 50 50mg
20220104_232752221150.png|PARTAMOL TAB. 500mg
20220110_232817219153.png|PARTAMOL TAB. 500mg|MENISON 4MG 4mg
20220110_232817224008.png|PANACTOL 500mg|CEFADROXIL 500MG 0,5g
20220330_233156795395.png|PARTAMOL TAB. 500mg
20220110_233642591835.png|KATRYPSIN 4,2mg|PANACTOL 500mg
20220110_233642668957.png|MYPARA 500 500mg|METRONIDAZOL 250mg
20220110_233642707219.png|EBITAC 12.5 10mg + 12,5mg
20220110_233642721270.png|BROMHEXIN ACTAVIS 8mg|HAPENXIN CAPSULES 0,5g|TYDOL PM 500mg + 25mg
20220110_233642740107.png|DROXICEF 500MG 0,5g|MYPARA 500 500mg|CLORPHENIRAMIN 4mg
20210508_233649488279.png|PANACTOL 500mg|AMOXICILIN 500MG 500mg|METRONIDAZOL 250 250mg
20210508_233649490771.png|XITORAN 0,5g|MYPARA 500 500mg|CLORPHENIRAMIN 4mg
20211226_233729932173.png|KATRYPSIN 4,2mg|PARTAMOL TAB. 500mg|CEFADROXIL 500MG 0,5g
20211226_233730010144.png|DIXIREIN 375mg|VIPREDNI 16MG 16mg|CEFADROXIL 500MG 0,5g
20220110_234114238754.png|PARTAMOL TAB. 500mg|CEFADROXIL 500MG 0,5g
20220110_234114267275.png|PANACTOL 500mg|CEPHALEXIN PMP 500 0,5g
20211222_234218250779.png|PARTAMOL TAB. 500mg|HAPENXIN CAPSULES 0,5g|METRONIDAZOL 250 250mg
20211222_234218255462.png|SERGUROP 10mg|CEPHALEXIN PMP 500 0,5g
20210508_234515265009.png|AVARINO 60mg+300mg|METRONIDAZOL 250 250mg
20220530_234548062802.png|PANACTOL 500mg|AMOXICILIN 500MG 500mg|METRONIDAZOL 250 250mg
20220530_234548227452.png|METFORMIN 500 500mg
20220530_234548290101.png|LAZIBET MR 60 60mg|GLUCOFAST 850 850mg
20211227_234704348194.png|CEFADROXIL 500MG 0,5g
20220317_234724927245.png|FABAMOX 500 500mg|BỔ HUYẾT ÍCH NÃO BDF 40mg+300mg
20220317_234724931517.png|MELOXICAM 7,5mg|HAPENXIN CAPSULES 0,5g|PARTAMOL TAB. 500mg
20220325_234738324302.png|KAGASDINE 20mg|AMOXICILIN 500MG 500mg|MEZAFEN 60mg|METRONIDAZOL 250 250mg
20220325_234738335535.png|KAGASDINE 20mg|AMOXICILIN 500MG 500mg|MEZAFEN 60mg|METRONIDAZOL 250 250mg
20220325_234738338529.png|KAGASDINE 20mg|AMOXICILIN 500MG 500mg|METRONIDAZOL 250 250mg
20220325_234738340628.png|KAGASDINE 20mg|AMOXICILIN 500MG 500mg|METRONIDAZOL 250 250mg
20220325_234738341659.png|PANACTOL 500mg|COSYNDO B 175mg+175mg+125mcg|AMOXICILIN 500MG 500mg
20220325_234738348713.png|KAGASDINE 20mg|AMOXICILIN 500MG 500mg|MEZAFEN 60mg|METRONIDAZOL 250 250mg
20220325_234738359960.png|BLOZA 50mg|BROMHEXIN ACTAVIS 8mg|HAPENXIN CAPSULES 0,5g
20220127_234834748377.png|CLORPHENIRAMIN 4mg|FABAMOX 500 500mg|PARTAMOL TAB. 500mg
20220127_234834760735.png|PARTAMOL TAB. 500mg
20220127_234834763929.png|KAGASDINE 20mg|AMOXICILIN 500MG 500mg
20220127_234834764521.png|KAGASDINE 20mg|AMOXICILIN 500MG 500mg|METRONIDAZOL 250 250mg
20220127_234834765256.png|NORMAGUT 250mg
20220127_234834776631.png|CARUDXAN 2mg
20220127_234834779218.png|PARTAMOL TAB. 500mg|CEFADROXIL 500MG 0,5g
20220325_234957222048.png|CARUDXAN 2mg|METRONIDAZOL 250 250mg
20220311_235039446830.png|ENALAPRIL 5mg|CEFADROXIL 0,5g
20220311_235039694078.png|DIXIREIN 375mg|VIPREDNI 16MG 16mg|CEFADROXIL 500MG 0,5g
20220311_235039710781.png|PANACTOL 500mg|KATRYPSIN 4,2mg
20211227_235053675722.png|PARTAMOL TAB. 500mg
20220127_235234005271.png|PANACTOL 500mg|HAPENXIN CAPSULES 0,5g
20220127_235234015812.png|PARTAMOL TAB. 500mg|CEFADROXIL 500MG 0,5g
20220317_235416053628.png|ENALAPRIL 5mg
20220317_235416077983.png|PARTAMOL TAB. 500mg
20220317_235416097273.png|HAPENXIN CAPSULES 0,5g
20220317_235559620846.png|PARTAMOL TAB. 500mg|HAPENXIN CAPSULES 0,5g
20220313_235708460305.png|KATRYPSIN 4,2mg|PANACTOL 500mg
20220313_235708482914.png|KATRYPSIN 4,2mg|PANACTOL 500mg
20220313_235708483421.png|PAMLONOR 5mg
20220317_235750217370.png|MEZAFEN 60mg|SAVI 3B 100mg+100mg+0,15mg|HAPENXIN CAPSULES 0,5g
20220317_235750257001.png|SERGUROP 10mg|KAGASDINE 20mg|METRONIDAZOL 250 250mg|HAPENXIN CAPSULES 0,5g|PARTAMOL TAB. 500mg
